{
    "1": {
        "RMSE": 8.588816943517763
    },
    "2": {
        "RMSE": 8.127663669696343
    },
    "3": {
        "RMSE": 7.860065973343098
    },
    "4": {
        "RMSE": 7.985884531833527
    },
    "5": {
        "RMSE": 7.883922064037442
    },
    "6": {
        "RMSE": 7.802480880190748
    },
    "7": {
        "RMSE": 7.734577954644624
    },
    "8": {
        "RMSE": 7.691979568525724
    },
    "9": {
        "RMSE": 7.648003404486203
    },
    "300": {
        "RMSE": 6.408827943734023
    }
}
