{
    "1": {
        "RMSE": 8.921530659583917
    },
    "2": {
        "RMSE": 8.674059673432142
    },
    "3": {
        "RMSE": 8.528812866128334
    },
    "4": {
        "RMSE": 8.430513555375677
    },
    "5": {
        "RMSE": 8.378962248501685
    },
    "6": {
        "RMSE": 8.325335084817635
    },
    "7": {
        "RMSE": 8.281243550999847
    },
    "8": {
        "RMSE": 8.24774647770221
    },
    "9": {
        "RMSE": 8.222247057811355
    },
    "10": {
        "RMSE": 8.40034551666762
    },
    "300": {
        "RMSE": 7.966363527071746
    }
}
