{
    "1%": {
        "RMSE": 9.267531886519706
    },
    "2%": {
        "RMSE": 9.321171011426156
    },
    "3%": {
        "RMSE": 9.428313240765782
    },
    "4%": {
        "RMSE": 9.551534511450896
    },
    "5%": {
        "RMSE": 9.577202358893404
    }
}
