{
    "1": {
        "RMSE": 9.444966106094821
    },
    "2": {
        "RMSE": 9.42962459363079
    },
    "3": {
        "RMSE": 9.428313240765782
    },
    "4": {
        "RMSE": 9.427084457369293
    },
    "5": {
        "RMSE": 9.441868324741206
    },
    "6": {
        "RMSE": 9.421162660070838
    },
    "7": {
        "RMSE": 9.450804168554814
    },
    "8": {
        "RMSE": 9.46258841321686
    },
    "9": {
        "RMSE": 9.45470949455262
    },
    "10": {
        "RMSE": 9.432783215481363
    },
    "300": {
        "RMSE": 9.46660842429857
    }
}
