{
    "1": {
        "RMSE": 8.67379565348478
    },
    "2": {
        "RMSE": 8.22518873684204
    },
    "3": {
        "RMSE": 7.94262481812309
    },
    "4": {
        "RMSE": 7.751720032503816
    },
    "5": {
        "RMSE": 7.58122637756307
    },
    "6": {
        "RMSE": 7.465326735067384
    },
    "7": {
        "RMSE": 7.368599479589641
    },
    "8": {
        "RMSE": 7.283377624423604
    },
    "9": {
        "RMSE": 7.212119576279368
    },
    "10": {
        "RMSE": 7.146678937550349
    },
    "300": {
        "RMSE": 6.364327266888354
    }
}
